{
  "hash": "95b64d36",
  "configHash": "acbc630b",
  "lockfileHash": "69ac5956",
  "browserHash": "0e5b6af2",
  "optimized": {
    "@angular/core": {
      "src": "../../../../../../node_modules/@angular/core/fesm2022/core.mjs",
      "file": "@angular_core.js",
      "fileHash": "78d92eb7",
      "needsInterop": false
    },
    "@angular/platform-browser": {
      "src": "../../../../../../node_modules/@angular/platform-browser/fesm2022/platform-browser.mjs",
      "file": "@angular_platform-browser.js",
      "fileHash": "e36c98da",
      "needsInterop": false
    },
    "@angular/router": {
      "src": "../../../../../../node_modules/@angular/router/fesm2022/router.mjs",
      "file": "@angular_router.js",
      "fileHash": "da174e0e",
      "needsInterop": false
    },
    "@angular/common": {
      "src": "../../../../../../node_modules/@angular/common/fesm2022/common.mjs",
      "file": "@angular_common.js",
      "fileHash": "58bacfb6",
      "needsInterop": false
    },
    "@angular/forms": {
      "src": "../../../../../../node_modules/@angular/forms/fesm2022/forms.mjs",
      "file": "@angular_forms.js",
      "fileHash": "a81663fe",
      "needsInterop": false
    }
  },
  "chunks": {
    "chunk-IH7N345X": {
      "file": "chunk-IH7N345X.js"
    },
    "chunk-LD3LY4MN": {
      "file": "chunk-LD3LY4MN.js"
    },
    "chunk-32VBBTPZ": {
      "file": "chunk-32VBBTPZ.js"
    }
  }
}