{
  "hash": "74da0aab",
  "configHash": "9dbd3c84",
  "lockfileHash": "b1a14950",
  "browserHash": "a5b8ee72",
  "optimized": {
    "@angular/core": {
      "src": "../../../../../../node_modules/@angular/core/fesm2022/core.mjs",
      "file": "@angular_core.js",
      "fileHash": "63c0d1cc",
      "needsInterop": false
    },
    "@angular/platform-browser": {
      "src": "../../../../../../node_modules/@angular/platform-browser/fesm2022/platform-browser.mjs",
      "file": "@angular_platform-browser.js",
      "fileHash": "452464c0",
      "needsInterop": false
    },
    "@angular/router": {
      "src": "../../../../../../node_modules/@angular/router/fesm2022/router.mjs",
      "file": "@angular_router.js",
      "fileHash": "239a35c1",
      "needsInterop": false
    }
  },
  "chunks": {
    "chunk-CPLJQRTQ": {
      "file": "chunk-CPLJQRTQ.js"
    },
    "chunk-QE7GUPV5": {
      "file": "chunk-QE7GUPV5.js"
    }
  }
}